[
    {
        "id": "1",
        "name": "1",
        "locations": [
            {
                "id": "1",
                "name": "1",
                "areas": [
                    {
                        "id": "1",
                        "name": "1"
                    }
                ]
            }
        ]
    },
    {
        "id": "2",
        "name": "2",
        "locations": [
            {
                "id": "2",
                "name": "2",
                "areas": [
                    {
                        "id": "2",
                        "name": "2"
                    }
                ]
            }
        ]
    },
    {
        "id": "3",
        "name": "3",
        "locations": [
            {
                "id": "3",
                "name": "3",
                "areas": [
                    {
                        "id": "3",
                        "name": "3"
                    }
                ]
            }
        ]
    },
    {
        "id": "4",
        "name": "4",
        "locations": [
            {
                "id": "4",
                "name": "4",
                "areas": [
                    {
                        "id": "4",
                        "name": "4"
                    }
                ]
            }
        ]
    },
    {
        "id": "5",
        "name": "5",
        "locations": [
            {
                "id": "5",
                "name": "5",
                "areas": [
                    {
                        "id": "5",
                        "name": "5"
                    }
                ]
            }
        ]
    },
    {
        "id": "6",
        "name": "6",
        "locations": [
            {
                "id": "6",
                "name": "6",
                "areas": [
                    {
                        "id": "6",
                        "name": "6"
                    }
                ]
            }
        ]
    },
    {
        "id": "7",
        "name": "7",
        "locations": [
            {
                "id": "7",
                "name": "7",
                "areas": [
                    {
                        "id": "7",
                        "name": "7"
                    }
                ]
            }
        ]
    },
    {
        "id": "8",
        "name": "8",
        "locations": [
            {
                "id": "8",
                "name": "8",
                "areas": [
                    {
                        "id": "8",
                        "name": "8"
                    }
                ]
            }
        ]
    },
    {
        "id": "9",
        "name": "9",
        "locations": [
            {
                "id": "9",
                "name": "9",
                "areas": [
                    {
                        "id": "9",
                        "name": "9"
                    }
                ]
            }
        ]
    },
    {
        "id": "10",
        "name": "10",
        "locations": [
            {
                "id": "10",
                "name": "10",
                "areas": [
                    {
                        "id": "10",
                        "name": "10"
                    }
                ]
            }
        ]
    },
    {
        "id": "11",
        "name": "11",
        "locations": [
            {
                "id": "11",
                "name": "11",
                "areas": [
                    {
                        "id": "11",
                        "name": "11"
                    }
                ]
            }
        ]
    },
    {
        "id": "12",
        "name": "12",
        "locations": [
            {
                "id": "12",
                "name": "12",
                "areas": [
                    {
                        "id": "12",
                        "name": "12"
                    }
                ]
            }
        ]
    },
    {
        "id": "13",
        "name": "13",
        "locations": [
            {
                "id": "13",
                "name": "13",
                "areas": [
                    {
                        "id": "13",
                        "name": "13"
                    }
                ]
            }
        ]
    },
    {
        "id": "14",
        "name": "14",
        "locations": [
            {
                "id": "14",
                "name": "14",
                "areas": [
                    {
                        "id": "14",
                        "name": "14"
                    }
                ]
            }
        ]
    },
    {
        "id": "15",
        "name": "15",
        "locations": [
            {
                "id": "15",
                "name": "15",
                "areas": [
                    {
                        "id": "15",
                        "name": "15"
                    }
                ]
            }
        ]
    },
    {
        "id": "16",
        "name": "16",
        "locations": [
            {
                "id": "16",
                "name": "16",
                "areas": [
                    {
                        "id": "16",
                        "name": "16"
                    }
                ]
            }
        ]
    },
    {
        "id": "17",
        "name": "17",
        "locations": [
            {
                "id": "17",
                "name": "17",
                "areas": [
                    {
                        "id": "17",
                        "name": "17"
                    }
                ]
            }
        ]
    },
    {
        "id": "18",
        "name": "18",
        "locations": [
            {
                "id": "18",
                "name": "18",
                "areas": [
                    {
                        "id": "18",
                        "name": "18"
                    }
                ]
            }
        ]
    },
    {
        "id": "19",
        "name": "19",
        "locations": [
            {
                "id": "19",
                "name": "19",
                "areas": [
                    {
                        "id": "19",
                        "name": "19"
                    }
                ]
            }
        ]
    },
    {
        "id": "20",
        "name": "20",
        "locations": [
            {
                "id": "20",
                "name": "20",
                "areas": [
                    {
                        "id": "20",
                        "name": "20"
                    }
                ]
            }
        ]
    },
    {
        "id": "21",
        "name": "21",
        "locations": [
            {
                "id": "21",
                "name": "21",
                "areas": [
                    {
                        "id": "21",
                        "name": "21"
                    }
                ]
            }
        ]
    },
    {
        "id": "22",
        "name": "22",
        "locations": [
            {
                "id": "22",
                "name": "22",
                "areas": [
                    {
                        "id": "22",
                        "name": "22"
                    }
                ]
            }
        ]
    },
    {
        "id": "23",
        "name": "23",
        "locations": [
            {
                "id": "23",
                "name": "23",
                "areas": [
                    {
                        "id": "23",
                        "name": "23"
                    }
                ]
            }
        ]
    },
    {
        "id": "24",
        "name": "24",
        "locations": [
            {
                "id": "24",
                "name": "24",
                "areas": [
                    {
                        "id": "24",
                        "name": "24"
                    }
                ]
            }
        ]
    },
    {
        "id": "25",
        "name": "25",
        "locations": [
            {
                "id": "25",
                "name": "25",
                "areas": [
                    {
                        "id": "25",
                        "name": "25"
                    }
                ]
            }
        ]
    },
    {
        "id": "26",
        "name": "26",
        "locations": [
            {
                "id": "26",
                "name": "26",
                "areas": [
                    {
                        "id": "26",
                        "name": "26"
                    }
                ]
            }
        ]
    },
    {
        "id": "27",
        "name": "27",
        "locations": [
            {
                "id": "27",
                "name": "27",
                "areas": [
                    {
                        "id": "27",
                        "name": "27"
                    }
                ]
            }
        ]
    },
    {
        "id": "28",
        "name": "28",
        "locations": [
            {
                "id": "28",
                "name": "28",
                "areas": [
                    {
                        "id": "28",
                        "name": "28"
                    }
                ]
            }
        ]
    },
    {
        "id": "29",
        "name": "29",
        "locations": [
            {
                "id": "29",
                "name": "29",
                "areas": [
                    {
                        "id": "29",
                        "name": "29"
                    }
                ]
            }
        ]
    },
    {
        "id": "30",
        "name": "30",
        "locations": [
            {
                "id": "30",
                "name": "30",
                "areas": [
                    {
                        "id": "30",
                        "name": "30"
                    }
                ]
            }
        ]
    },
    {
        "id": "31",
        "name": "31",
        "locations": [
            {
                "id": "31",
                "name": "31",
                "areas": [
                    {
                        "id": "31",
                        "name": "31"
                    }
                ]
            }
        ]
    },
    {
        "id": "32",
        "name": "32",
        "locations": [
            {
                "id": "32",
                "name": "32",
                "areas": [
                    {
                        "id": "32",
                        "name": "32"
                    }
                ]
            }
        ]
    },
    {
        "id": "33",
        "name": "33",
        "locations": [
            {
                "id": "33",
                "name": "33",
                "areas": [
                    {
                        "id": "33",
                        "name": "33"
                    }
                ]
            }
        ]
    },
    {
        "id": "34",
        "name": "34",
        "locations": [
            {
                "id": "34",
                "name": "34",
                "areas": [
                    {
                        "id": "34",
                        "name": "34"
                    }
                ]
            }
        ]
    },
    {
        "id": "35",
        "name": "35",
        "locations": [
            {
                "id": "35",
                "name": "35",
                "areas": [
                    {
                        "id": "35",
                        "name": "35"
                    }
                ]
            }
        ]
    },
    {
        "id": "36",
        "name": "36",
        "locations": [
            {
                "id": "36",
                "name": "36",
                "areas": [
                    {
                        "id": "36",
                        "name": "36"
                    }
                ]
            }
        ]
    },
    {
        "id": "37",
        "name": "37",
        "locations": [
            {
                "id": "37",
                "name": "37",
                "areas": [
                    {
                        "id": "37",
                        "name": "37"
                    }
                ]
            }
        ]
    },
    {
        "id": "38",
        "name": "38",
        "locations": [
            {
                "id": "38",
                "name": "38",
                "areas": [
                    {
                        "id": "38",
                        "name": "38"
                    }
                ]
            }
        ]
    },
    {
        "id": "39",
        "name": "39",
        "locations": [
            {
                "id": "39",
                "name": "39",
                "areas": [
                    {
                        "id": "39",
                        "name": "39"
                    }
                ]
            }
        ]
    },
    {
        "id": "40",
        "name": "40",
        "locations": [
            {
                "id": "40",
                "name": "40",
                "areas": [
                    {
                        "id": "40",
                        "name": "40"
                    }
                ]
            }
        ]
    },
    {
        "id": "41",
        "name": "41",
        "locations": [
            {
                "id": "41",
                "name": "41",
                "areas": [
                    {
                        "id": "41",
                        "name": "41"
                    }
                ]
            }
        ]
    },
    {
        "id": "42",
        "name": "42",
        "locations": [
            {
                "id": "42",
                "name": "42",
                "areas": [
                    {
                        "id": "42",
                        "name": "42"
                    }
                ]
            }
        ]
    },
    {
        "id": "43",
        "name": "43",
        "locations": [
            {
                "id": "43",
                "name": "43",
                "areas": [
                    {
                        "id": "43",
                        "name": "43"
                    }
                ]
            }
        ]
    },
    {
        "id": "44",
        "name": "44",
        "locations": [
            {
                "id": "44",
                "name": "44",
                "areas": [
                    {
                        "id": "44",
                        "name": "44"
                    }
                ]
            }
        ]
    }
]
